,0,1,2,3
0,1396.1088381354398,384.6040296777236,1.429858504277378,0.6882716659419634
1,117642.34864517758,36467.57457944399,1.438281520980495,0.692013621551451
2,833100314.7431196,3086069132.9650393,1.4276451836563833,0.8109527208813369
3,9306.711478467661,5762.170530544445,1.4293566264446496,0.7161583380208408
4,0.00030752389384265276,0.000679954262803551,1.3769143777808373,0.7983521685482815
5,4.005320677658106e-06,1.6345444389909185e-06,1.3558301151742944,0.7363785832520846
6,0.002240750949062914,0.0006492716738514016,1.3654813997737787,0.708520293840062
7,20.992400700368677,6.730184082633178,1.407821208055104,0.7013179599309866
8,1.2464505208378769,0.34901814456411123,1.411337436287397,0.6968160358141919
9,0.002240750949062914,0.0006492716738514016,1.3836812220176093,0.708520293840062
10,0.007459198478352099,0.002141676844296606,1.3795468402407123,0.7058823529411765
11,0.044698671509197346,0.038337803284390265,1.3767523667589336,0.7551411894521727
12,0.004550364759483376,0.00251276826901998,1.4036793712126057,0.7306693213431201
13,0.05700407297338919,0.06311061778818443,1.407347474738625,0.7539708180428913
14,0.09085099441798469,0.025710861721229678,1.40146090225177,0.7010678582591091
15,9686876.57504572,37034156.82176123,1.4275883158497742,0.8145707099665378
16,1435.4300291682566,422.2378266239871,1.4023074787092826,0.6888747488298399
17,500850.3330585654,359155.1318562849,1.431314440052419,0.7330447675543748
18,1396.1088381354398,384.6040296777236,1.4359904410426756,0.6882716659419634
19,0.0005764518509723378,0.00016887886626079643,1.381081378533218,0.710946452886417
20,0.33170403504826174,0.0933378087587717,1.4052689231810394,0.6988754144777941
21,2.3147306140133272,3.9993446772972714,1.399445964223631,0.7846369360707567
22,2862411.423269479,781998.685440034,1.4396153084021397,0.6820901064756643
23,0.33170403504826174,0.0933378087587717,1.4156669096782013,0.6988754144777941
24,1879296792.902465,511464630.7234397,1.447137724775524,0.6784212975751538
25,2252343678768.1177,3119983434486.5225,1.4313749999806602,0.7580396535152962
26,340.6176805970488,107.71631229759133,1.3972650691439654,0.6978480457515494
27,6.959556494209423e-06,2.3743953370360823e-06,1.3307345082710529,0.7318012379896861
28,2199566.46831178,1564463.1315458934,1.4122876003202298,0.7317164165795553
29,0.12785467997477645,0.061089262456647274,1.3758314916159173,0.7266337928725067
30,595634.2746110733,162932.30300794024,1.4428144545204902,0.6831696970295245
31,0.00010938955866219594,6.047898964242187e-05,1.3792715911941291,0.7428569676384267
32,4.81627081468434,1.3428951355948835,1.4103550733055963,0.6948824748832071
33,1568.0589739054694,601.7691934826287,1.4426870790706028,0.6982729536826265
34,20.992400700368677,6.730184082633178,1.3862786705399097,0.7013179599309866
35,0.0006957263924095181,0.00020377399180047928,1.3683025170083007,0.711323053260846
36,324.1775631431659,95.27328967915727,1.4137523961541427,0.6902502439033867
37,0.061257188640850606,0.03507791875825789,1.3931796223112727,0.726635525651764
38,10485152.5176306,4408208.026955668,1.4314164444127206,0.7047339099598882
39,0.0015629944101369568,0.0005615624185580973,1.3951664585763686,0.716181155041434
40,0.007459198478352099,0.002141676844296606,1.391253970119704,0.7058823529411765
41,26414.808594226553,8222.984148476227,1.4330192314316015,0.693346028762545
42,0.06827930621269399,0.02519349568738681,1.3814769216919507,0.7092695472729487
43,126672.29159448428,34700.50547830084,1.4407552880877303,0.6843228066537302
44,0.008987194019181535,0.0030779226958397663,1.368953094712811,0.7144533962851439
45,1055410987819208.2,317368000710066.9,1.4566089702149438,0.6797804407357918
46,4.81627081468434,1.3428951355948835,1.400432173024916,0.6948824748832071
47,0.07804736924308026,0.022825357744556064,1.3920050942586277,0.700918628346836
48,325.77039973236975,89.96188822077167,1.4011223122969365,0.689768596496016
49,27546.857643321677,7558.5267508843335,1.4319005293845182,0.6855541464356182
50,114679.92933268899,49058.38403404931,1.423050231136178,0.7085372087307503
51,367.1069895296843,162.15867169046197,1.4174568990198528,0.7146619887757064
52,0.01864213669972202,0.00682252275684515,1.4205044577916732,0.7113981312588868
53,20.206596251652215,24.046042109022654,1.4455226195158746,0.7489839012983168
54,1.1128130886131955,0.3258768489328487,1.3909095601717265,0.6968505260229698
55,595634.2746110733,162932.30300794024,1.4351479252563533,0.6831696970295245
56,7156328584.316818,2174050367.7951403,1.4345985811556188,0.6846170458636324
57,0.00018545599957017013,5.4462643513688085e-05,1.3728201274878327,0.7139055888526703
58,595634.2746110733,162932.30300794024,1.4311498573197416,0.6831696970295245
59,73582.442495632,91467.15692888299,1.4773577914923621,0.7451430228222023
60,0.0015629944101369568,0.0005615624185580973,1.389699029189439,0.716181155041434
61,6059.110462726996,1895.0980139887142,1.4085670153154923,0.694759512086541
62,367.1069895296843,162.15867169046197,1.3876860284019916,0.7146619887757064
63,0.454604054984777,0.21364507068489358,1.391898056600156,0.7243727221054028
64,0.007459198478352099,0.002141676844296606,1.3992508974802802,0.7058823529411765
65,710770.1406701701,209734.37441982562,1.4005816532761333,0.6842698821273407
66,325.77039973236975,89.96188822077167,1.4036907233864848,0.689768596496016
67,20.992400700368677,6.730184082633178,1.4267751554347337,0.7013179599309866
68,1.2464505208378769,0.34901814456411123,1.4029228921629988,0.6968160358141919
69,1.8613372944275786e-05,6.412151163608195e-06,1.356366913091151,0.7282045590198672
70,0.0008454243254514121,0.0002998484903191837,1.3685670957938263,0.719902518589461
71,511257880.9171901,151218726.50606832,1.4447485210351045,0.6808346566039843
72,0.000271392295954036,9.831043050055106e-05,1.3546882866382952,0.7228574942752707
73,1401078188.733119,426534458.93978137,1.448336060344414,0.6854926013383147
74,17.936397288544622,5.261700783329765,1.4226288060999428,0.6933159612738394
75,1.1128130886131955,0.3258768489328487,1.4021446213443125,0.6968505260229698
76,4.16082301637653,1.56685819284969,1.4305670319826818,0.7037996019829758
77,3.909504516230812e-05,0.000585067308262383,1.3865628269722825,0.9104728771818895
78,4.497323889062362e-05,2.2374592876291914e-05,1.3780037145933384,0.741179859979346
79,1.425363836861786,0.46486522366366273,1.394309220852468,0.7052113310909173
80,0.33170403504826174,0.0933378087587717,1.3791570557341446,0.6988754144777941
81,27546.857643321677,7558.5267508843335,1.4302842794505564,0.6855541464356182
82,1401078188.733119,426534458.93978137,1.4249021405232463,0.6854926013383147
83,116128.01951611454,84016.61391538054,1.4280220074774177,0.7344399907387308
84,9600522.034126678,14075061.24639493,1.406161619819518,0.766582695549938
85,279391467.5445583,85253205.77621976,1.4393223103106878,0.6864228455703668
86,0.2594811623411841,0.09646016182155537,1.39094800827025,0.7073007743472312
87,76.02453648178229,28.930729449091274,1.4491460143863066,0.7008141657314716
88,4.81627081468434,1.3428951355948835,1.3946945614791324,0.6948824748832071
89,0.33170403504826174,0.0933378087587717,1.4057440093975209,0.6988754144777941
90,0.00011353712065316288,0.00010407208767070769,1.3760629662562034,0.7640035042373065
91,0.0010194699178479208,0.0024134627726921077,1.408228166040944,0.7966808679977243
92,0.00018545599957017013,5.4462643513688085e-05,1.3664495826153449,0.7139055888526703
93,15595548312.6555,4617016324.573267,1.4671150622353093,0.6794624843285442
94,1131692647.0618007,469526010.6026844,1.420559401841137,0.7015039974322582
95,6.176586190937019,2.8212046560372364,1.3965508495360313,0.7201837598488835
96,27427.02031998963,20035.408106984705,1.4256672517610305,0.735905112306708
97,10485152.5176306,4408208.026955668,1.421485461830662,0.7047339099598882
98,0.6496395473927248,1.1489865867750737,1.38641267276557,0.7867440495102349
99,0.2594811623411841,0.09646016182155537,1.4011489906007266,0.7073007743472312
100,23.57347013178424,10.636163934830956,1.4118497020189567,0.7182462211853055
101,534989.5160260076,165207.4991062696,1.4279781613076088,0.690757957536342
102,973980388.5168531,674503756.0178845,1.4555930073767605,0.7270148327477508
103,324.1775631431659,95.27328967915727,1.4089442965199694,0.6902502439033867
104,7.167749354753354,5.666503963945987,1.4125665243688146,0.7463464039296488
105,0.002240750949062914,0.0006492716738514016,1.3682390933493607,0.708520293840062
106,42629106.51902101,61931996.68545476,1.4328675915316538,0.7653365966545569
107,0.014719200016023566,0.015865740309781343,1.398721124528535,0.7555858576681448
108,3.0362501646303684e-06,9.183575104019066e-07,1.3329484108726612,0.7278762323121868
109,506880.84947001527,215470.12877659034,1.4431304265739227,0.7072002518815874
110,6523.688097426099,1920.6119982152586,1.423453784107034,0.6875951049264846
111,0.2395800128051931,0.13925362094991128,1.421955125993875,0.7248726117418821
112,6059.110462726996,1895.0980139887142,1.4261407666472061,0.694759512086541
113,14051294.196538748,3834425.918348724,1.4491487657020519,0.6810795746607844
114,1684717898224.6091,457410139028.2292,1.4597420470656381,0.6756132076958065
115,81976216114.39557,295992668675.3834,1.4389712617498402,0.8077586762090777
116,20.206596251652215,24.046042109022654,1.432142317346152,0.7489839012983168
117,740961757533.5555,303440597316.53015,1.4500620572462912,0.6979499933941294
118,0.03686369864891388,0.017939624429595263,1.3811843465952987,0.7290125845018234
119,0.005289983586760793,0.0019188721508438741,1.398812076465445,0.7136979951130272
120,0.0004073395636021522,0.0002147282133058159,1.3768705649604538,0.7354758059802605
121,0.00013163194865917511,6.750874290500323e-05,1.37767313841721,0.7382074055263966
122,1396.1088381354398,384.6040296777236,1.4316590302113748,0.6882716659419634
123,0.0004073395636021522,0.0002147282133058159,1.3940670334967837,0.7354758059802605
124,7156328584.316818,2174050367.7951403,1.4421726566139703,0.6846170458636324
125,117642.34864517758,36467.57457944399,1.4206245724382829,0.692013621551451
126,0.01864213669972202,0.00682252275684515,1.3882146167362721,0.7113981312588868
127,360200762.6987108,98108867.28963295,1.4485617248182863,0.6792490450629289
128,384.5905253322608,235.1816166790644,1.4303003409881805,0.718104620523316
129,0.0004818002342635981,0.00017135573931409135,1.3768869283385525,0.7188601505087511
130,18236804.328030854,5388197.113621198,1.442638750877829,0.6824258939587667
131,0.021703718914254908,0.006345379346668699,1.3892878395304895,0.7031747486163712
132,0.025634730272698532,0.007303104306933848,1.3686841096564744,0.703400900555493
133,4.402035199531535,1.2901872785683828,1.4189209662406839,0.6950207468911681
134,1.1128130886131955,0.3258768489328487,1.4141652302990158,0.6968505260229698
135,511257880.9171901,151218726.50606832,1.4561411355290572,0.6808346566039843
136,0.33170403504826174,0.0933378087587717,1.4242220207620968,0.6988754144777941
137,0.0036353213176475666,0.009100288550486946,1.4237592141155169,0.7952120481256589
138,1.2464505208378769,0.34901814456411123,1.4149604201384296,0.6968160358141919
139,253673.30118906184,158547.04276798764,1.4612065624199204,0.7145434198529196
140,0.006245737247532267,0.0018261516316863385,1.37601373773978,0.7055914454311827
141,4.81627081468434,1.3428951355948835,1.413923532502219,0.6948824748832071
142,2198140.3656971506,3254389.627418767,1.4203475160358023,0.7678862543306411
143,20919146026706.375,8524123054473.206,1.4502046669027147,0.6964485615508471
144,0.007459198478352099,0.002141676844296606,1.3734149034754144,0.7058823529411765
145,4.16082301637653,1.56685819284969,1.4208438517297304,0.7037996019829758
146,77827724607585.39,52291666379038.14,1.4354117712380017,0.7207540682491019
147,0.005289983586760793,0.0019188721508438741,1.3851577051671164,0.7136979951130272
148,19.12009498031508,5.311617489987738,1.4038745649386175,0.6930677750765261
149,577387.3154995063,7620544.253731659,1.4093933476399847,0.879015341690493
150,710770.1406701701,209734.37441982562,1.4354084081615948,0.6842698821273407
151,0.005289983586760793,0.0019188721508438741,1.3909371809283861,0.7136979951130272
152,0.01864213669972202,0.00682252275684515,1.3789471825282529,0.7113981312588868
153,1568.0589739054694,601.7691934826287,1.4295547287270511,0.6982729536826265
154,19.12009498031508,5.311617489987738,1.399000960169191,0.6930677750765261
155,0.07804736924308026,0.022825357744556064,1.3589663705942638,0.700918628346836
156,1862.9661781277973,1146.7969914549099,1.4245397825262225,0.7170862494876675
157,0.2594811623411841,0.09646016182155537,1.3849876723589278,0.7073007743472312
158,3.9456163124384995e-05,3.4122666563874364e-05,1.3674366160461133,0.7666919052269078
159,0.0004073395636021522,0.0002147282133058159,1.3818395588618693,0.7354758059802605
160,0.2900647839582661,0.08487959965554678,1.4142615805248466,0.698813587684705
161,47895.94333291211,29804.06130376502,1.4630678503939418,0.7153131148842807
162,1.425363836861786,0.46486522366366273,1.389393572262155,0.7052113310909173
163,26414.808594226553,8222.984148476227,1.4363128531143585,0.693346028762545
164,30408.141082617018,8959.603239302221,1.4266943333417688,0.6864049916701989
165,1790.767721419286,2821.309862529194,1.3881959869765166,0.7753510651116696
166,2.77281665958124,12.895941645760688,1.400362239868064,0.8322968530189591
167,1862.9661781277973,1146.7969914549099,1.4518640399113083,0.7170862494876675
168,7.167749354753354,5.666503963945987,1.402512064434021,0.7463464039296488
169,0.10720874262527402,0.03572653543335567,1.393209759022007,0.7095735817646925
170,0.00013163194865917511,6.750874290500323e-05,1.3899006130521243,0.7382074055263966
171,17.936397288544622,5.261700783329765,1.3836672228656655,0.6933159612738394
172,1.2464505208378769,0.34901814456411123,1.4029228921629988,0.6968160358141919
173,1.6560242562290826,0.76670860160022,1.3794375913246035,0.7222243424474935
174,4.402035199531535,1.2901872785683828,1.3931627962733966,0.6950207468911681
175,83.56887389639493,26.599346751161317,1.4199775454116832,0.6995327792252529
176,4.16082301637653,1.56685819284969,1.423808015171002,0.7037996019829758
177,17.936397288544622,5.261700783329765,1.4301520077505914,0.6933159612738394
178,325.77039973236975,89.96188822077167,1.429588585041629,0.689768596496016
179,0.18616880129911412,0.33773479734101,1.3964506448348786,0.7889415905356295
180,27427.02031998963,20035.408106984705,1.428454162415671,0.735905112306708
181,18.06518633210207,10.86842463438622,1.418849391558333,0.7204471001327054
182,0.000271392295954036,9.831043050055106e-05,1.3664419726323305,0.7228574942752707
183,1.8613372944275786e-05,6.412151163608195e-06,1.3648305149481315,0.7282045590198672
184,340.6176805970488,107.71631229759133,1.3972650691439654,0.6978480457515494
185,4.16082301637653,1.56685819284969,1.4324524771780345,0.7037996019829758
186,6228.214477264946,2703.3362325506387,1.4210914213603552,0.711436552820975
187,6059.110462726996,1895.0980139887142,1.4284913055114676,0.694759512086541
188,27546.857643321677,7558.5267508843335,1.4310679122908847,0.6855541464356182
189,9686876.57504572,37034156.82176123,1.4189034327330987,0.8145707099665378
190,0.006245737247532267,0.0018261516316863385,1.3789881072715744,0.7055914454311827
191,0.004056379110190095,0.003670361097248216,1.3665100711646585,0.7601820765456209
192,4.81627081468434,1.3428951355948835,1.3866529481294168,0.6948824748832071
193,0.061257188640850606,0.03507791875825789,1.4044884314021429,0.726635525651764
194,47895.94333291211,29804.06130376502,1.4455551990626623,0.7153131148842807
195,7.933052745691395e-06,2.371605368414588e-06,1.3440825427521441,0.7240407871815046
196,1396.1088381354398,384.6040296777236,1.4088070753372555,0.6882716659419634
197,1.7632964018057321e-06,1.1531941955553606e-06,1.34438977082129,0.756605195395773
198,0.0011487747234578873,0.0011563389077742774,1.3977772209740749,0.7593669242096045
199,4.005320677658106e-06,1.6345444389909185e-06,1.332876576219604,0.7363785832520846
200,83.56887389639493,26.599346751161317,1.409591345777409,0.6995327792252529
201,1.7632964018057321e-06,1.1531941955553606e-06,1.3462725340002841,0.756605195395773
202,6059.110462726996,1895.0980139887142,1.4031388768522466,0.694759512086541
203,83.56887389639493,26.599346751161317,1.3941855606283307,0.6995327792252529
204,0.010903785116226864,0.005415420475982642,1.3490263382610157,0.7315142562544289
205,23.57347013178424,10.636163934830956,1.4147335065347422,0.7182462211853055
206,0.0015629944101369568,0.0005615624185580973,1.3678931024084702,0.716181155041434
207,0.07804736924308026,0.022825357744556064,1.399165765980505,0.700918628346836
208,0.01864213669972202,0.00682252275684515,1.3591225007381649,0.7113981312588868
209,1435.4300291682566,422.2378266239871,1.420213234872299,0.6888747488298399
210,0.454604054984777,0.21364507068489358,1.4015393130316092,0.7243727221054028
211,0.061257188640850606,0.03507791875825789,1.4132917089284278,0.726635525651764
212,1.0215866436396777,0.3823513383800655,1.4231585697519757,0.7054809055320828
213,103.41593718145653,79.25879384505888,1.406059036671002,0.7425287832687744
214,6228.214477264946,2703.3362325506387,1.42741289491633,0.711436552820975
215,6523.688097426099,1920.6119982152586,1.4269560272126962,0.6875951049264846
216,1.8613372944275786e-05,6.412151163608195e-06,1.3687653869913203,0.7282045590198672
217,0.9750375143795444,0.5741841460261996,1.4360009315894282,0.7232615211637855
218,9173890927119.63,32442509524147.527,1.4250932312413895,0.8049435514808956
219,9306.711478467661,5762.170530544445,1.4619223266560695,0.7161583380208408
220,2794744541.0265536,827016475.2165049,1.4611924425213967,0.680123122589737
221,0.0005764518509723378,0.00016887886626079643,1.37956291982823,0.710946452886417
222,500850.3330585654,359155.1318562849,1.4263434132356978,0.7330447675543748
223,4.81627081468434,1.3428951355948835,1.39728015422982,0.6948824748832071
224,2.3147306140133272,3.9993446772972714,1.3817445006845113,0.7846369360707567
225,233486734.07977453,97262263.93256894,1.4414968592216757,0.7025221771949937
226,0.38580181911614153,0.1271078091606419,1.3943668787242318,0.7073308784614499
227,0.07804736924308026,0.022825357744556064,1.3911706946380604,0.700918628346836
228,183380680753550.62,55203247241699.95,1.4677394977436868,0.6803508211063912
229,0.0006957263924095181,0.00020377399180047928,1.3603097108082691,0.711323053260846
230,0.5412020371450618,0.4440061609700033,1.4001231009339885,0.750540153985825
231,0.002240750949062914,0.0006492716738514016,1.3851854570133464,0.708520293840062
232,0.454604054984777,0.21364507068489358,1.3960150312284494,0.7243727221054028
233,4.371708690848631,5.130729942015251,1.4399608597269868,0.750037381310715
234,0.025634730272698532,0.007303104306933848,1.386506879965078,0.703400900555493
235,7433.477088606778,2862.8915302071523,1.4133665121201475,0.6971489330520368
236,0.07804736924308026,0.022825357744556064,1.387668451532398,0.700918628346836
237,6059.110462726996,1895.0980139887142,1.4370802273880119,0.694759512086541
238,0.0013282830394457797,0.000717637918609671,1.3855398693981071,0.7329684379421934
239,75.20448220886128,22.081808951998962,1.4070614414123985,0.6917282868217168
240,44728249.03363202,31357382.26837283,1.4244075148611552,0.7292487462917193
241,1.3454849192477373e-06,4.460389309871718e-07,1.3466153176075863,0.7320929373414717
242,4.81627081468434,1.3428951355948835,1.401983061859441,0.6948824748832071
243,77.92303033161328,21.57834735983068,1.39145682435931,0.6913652726496868
244,181193.02178142132,70204.26680170187,1.425122503377632,0.695158481411639
245,77.92303033161328,21.57834735983068,1.4056851264515273,0.6913652726496868
246,26414.808594226553,8222.984148476227,1.4368698607304755,0.693346028762545
247,117642.34864517758,36467.57457944399,1.4360006546947996,0.692013621551451
248,1420.5964469615178,446.6439133113195,1.4085117730841965,0.6962586050959354
249,70424046.17649466,19198643.38855479,1.4431493933298762,0.6801338829493874
250,0.454604054984777,0.21364507068489358,1.3816315247195554,0.7243727221054028
251,1.0215866436396777,0.3823513383800655,1.3945936261593266,0.7054809055320828
252,3905817982130.378,1595354670801.2861,1.455511622381536,0.6971782905107545
253,367.1069895296843,162.15867169046197,1.4054245284147833,0.7146619887757064
254,2862411.423269479,781998.685440034,1.4290668954490555,0.6820901064756643
255,20.992400700368677,6.730184082633178,1.4195052214705735,0.7013179599309866
256,7433.477088606778,2862.8915302071523,1.4540304133444983,0.6971489330520368
257,1862.9661781277973,1146.7969914549099,1.4270096290741834,0.7170862494876675
258,0.025634730272698532,0.007303104306933848,1.3810996665157336,0.703400900555493
259,76.02453648178229,28.930729449091274,1.4374452701402858,0.7008141657314716
260,0.0006184212934791937,0.0036530745772954563,1.3621098739568807,0.8481863326791759
261,0.014719200016023566,0.015865740309781343,1.422549197512241,0.7555858576681448
262,23.57347013178424,10.636163934830956,1.403423406139517,0.7182462211853055
263,0.03686369864891388,0.017939624429595263,1.3866447618681066,0.7290125845018234
264,1.1128130886131955,0.3258768489328487,1.385945561264853,0.6968505260229698
265,0.09085099441798469,0.025710861721229678,1.4047534880063635,0.7010678582591091
266,77.92303033161328,21.57834735983068,1.4145365284736824,0.6913652726496868
267,0.006245737247532267,0.0018261516316863385,1.371868318152322,0.7055914454311827
268,0.03686369864891388,0.017939624429595263,1.3966760351809657,0.7290125845018234
269,1.2464505208378769,0.34901814456411123,1.41632408817467,0.6968160358141919
270,14051294.196538748,3834425.918348724,1.4161580788680728,0.6810795746607844
271,0.2900647839582661,0.08487959965554678,1.3996185897549456,0.698813587684705
272,4.16082301637653,1.56685819284969,1.4170438469086406,0.7037996019829758
273,0.0005764518509723378,0.00016887886626079643,1.3491544290443906,0.710946452886417
274,6.2980326433310565e-06,2.92567656938794e-06,1.3542216924201802,0.747916463736001
275,27427.02031998963,20035.408106984705,1.4142033168928057,0.735905112306708
276,500850.3330585654,359155.1318562849,1.4276488062594894,0.7330447675543748
277,1.425363836861786,0.46486522366366273,1.397602842535225,0.7052113310909173
278,882185696.7949998,1261005177.2232947,1.442756786952133,0.7630077028755625
279,23.57347013178424,10.636163934830956,1.4104355262431822,0.7182462211853055
280,0.9850128285841346,1.1372898368984412,1.4476364377817095,0.751211005433071
281,6523.688097426099,1920.6119982152586,1.4318159644455226,0.6875951049264846
282,973980388.5168531,674503756.0178845,1.4132585637140782,0.7270148327477508
283,1.2464505208378769,0.34901814456411123,1.411482124407439,0.6968160358141919
284,20.206596251652215,24.046042109022654,1.4413681918849093,0.7489839012983168
285,0.025634730272698532,0.007303104306933848,1.391022566796414,0.703400900555493
286,75.20448220886128,22.081808951998962,1.4132269489358835,0.6917282868217168
287,116128.01951611454,84016.61391538054,1.397021378662465,0.7344399907387308
288,0.2266732321711536,1.1149577868071703,1.3863143981849837,0.8364203657673583
289,0.07804736924308026,0.022825357744556064,1.4031867245254916,0.700918628346836
290,1.425363836861786,0.46486522366366273,1.3926524409278895,0.7052113310909173
291,6129.115455806314,1684.888585314709,1.4128376005852847,0.686868686868687
292,833100314.7431196,3086069132.9650393,1.4345480249238178,0.8109527208813369
293,0.2395800128051931,0.13925362094991128,1.390785576087705,0.7248726117418821
294,3.9456163124384995e-05,3.4122666563874364e-05,1.390714025535754,0.7666919052269078
295,83.56887389639493,26.599346751161317,1.4013820755043391,0.6995327792252529
296,0.06827930621269399,0.02519349568738681,1.3967046918112918,0.7092695472729487
297,1.6560242562290826,0.76670860160022,1.4141215717038875,0.7222243424474935
298,2283799.177796326,965236.562789028,1.426986130174761,0.7059336282843953
299,0.000271392295954036,9.831043050055106e-05,1.3467783088508112,0.7228574942752707
300,17.50845208218637,6.629756557180963,1.4342126498717587,0.7022470922504619
301,0.2594811623411841,0.09646016182155537,1.419512951862899,0.7073007743472312
302,1.2464505208378769,0.34901814456411123,1.3907447972280704,0.6968160358141919
303,36216.52678028123,13992.616995879082,1.442313393892134,0.6961129877428716
304,19.12009498031508,5.311617489987738,1.4066412530907708,0.6930677750765261
305,0.0002235458024665734,6.631400905556637e-05,1.3643527527572388,0.714299193127675
306,340.6176805970488,107.71631229759133,1.4118842267699063,0.6978480457515494
307,1790.767721419286,2821.309862529194,1.405765824801326,0.7753510651116696
308,0.2395800128051931,0.13925362094991128,1.3986255395824359,0.7248726117418821
309,0.00013163194865917511,6.750874290500323e-05,1.3899006130521243,0.7382074055263966
310,0.38580181911614153,0.1271078091606419,1.37690717010716,0.7073308784614499
311,6.212926342926487e-05,1.8315290222945858e-05,1.3765794853971505,0.7170668916279419
312,6059.110462726996,1895.0980139887142,1.4227156103098655,0.694759512086541
313,325.77039973236975,89.96188822077167,1.4264406874070779,0.689768596496016
314,0.9750375143795444,0.5741841460261996,1.4046305717411198,0.7232615211637855
315,0.001032979406802885,0.0005381570067850263,1.3784865795077905,0.736907475065694
316,325.77039973236975,89.96188822077167,1.4362218443659656,0.689768596496016
317,325.77039973236975,89.96188822077167,1.410077303737253,0.689768596496016
318,19.12009498031508,5.311617489987738,1.405025003156809,0.6930677750765261
319,1.2464505208378769,0.34901814456411123,1.4159936900782304,0.6968160358141919
320,81.97684706085734,49.75046188837303,1.4481435684955883,0.7192218700500654
321,83.56887389639493,26.599346751161317,1.405837414860344,0.6995327792252529
322,0.07804736924308026,0.022825357744556064,1.3848807260721037,0.700918628346836
323,1.6560242562290826,0.76670860160022,1.3903583455524462,0.7222243424474935
324,0.15375867089737963,0.12884818754539612,1.3975141928357242,0.7527877567468296
325,1.0912055055012195e-05,4.29509728286202e-06,1.3498925517625333,0.7327286810799915
326,2483075.1102366634,764146.1614242214,1.4421175968775957,0.6895749002297951
327,0.07804736924308026,0.022825357744556064,1.3966554150751795,0.700918628346836
328,75.20448220886128,22.081808951998962,1.390876322135638,0.6917282868217168
329,3559669.5518240216,1051085.5824269266,1.4180562670136192,0.6833140113864145
330,0.38580181911614153,0.1271078091606419,1.386157608451162,0.7073308784614499
331,26.942778171426305,20.957618469838536,1.3994609858859077,0.7443924655590053
332,0.38580181911614153,0.1271078091606419,1.3863103172369344,0.7073308784614499
333,0.2594811623411841,0.09646016182155537,1.4042903331942387,0.7073007743472312
334,0.0005764518509723378,0.00016887886626079643,1.3731877958884704,0.710946452886417
335,1568.0589739054694,601.7691934826287,1.4301025935697,0.6982729536826265
336,0.0003498731946614214,0.00033726873241485,1.3839043747063993,0.7615686649909931
337,1435.4300291682566,422.2378266239871,1.4372466945723261,0.6888747488298399
338,2283799.177796326,965236.562789028,1.4156240161952127,0.7059336282843953
339,0.025634730272698532,0.007303104306933848,1.384247564150285,0.703400900555493
340,325.77039973236975,89.96188822077167,1.442855103690302,0.689768596496016
341,2252343678768.1177,3119983434486.5225,1.433546431306997,0.7580396535152962
342,142861091864.03445,58671405375.47478,1.452125191856717,0.6987659580408707
343,2199566.46831178,1564463.1315458934,1.426866906151812,0.7317164165795553
344,455.68366284035835,729.2247189690567,1.3968160593686119,0.7770514685059333
345,19.12009498031508,5.311617489987738,1.4231974126957874,0.6930677750765261
346,324.1775631431659,95.27328967915727,1.4162627470594684,0.6902502439033867
347,2.571684805168868e-05,7.885289755018917e-06,1.3625603647495708,0.7208068687598415
348,1420.5964469615178,446.6439133113195,1.416390978558851,0.6962586050959354
349,1.425363836861786,0.46486522366366273,1.3985124759515732,0.7052113310909173
350,9600522.034126678,14075061.24639493,1.4226900628854582,0.766582695549938
351,0.025634730272698532,0.007303104306933848,1.3985444079405087,0.703400900555493
352,0.2900647839582661,0.08487959965554678,1.394878534497319,0.698813587684705
353,117642.34864517758,36467.57457944399,1.4194591082554489,0.692013621551451
354,9832772.365650706,6941289.10288393,1.4199967783513496,0.7304520158046244
355,0.000271392295954036,9.831043050055106e-05,1.3693074442642361,0.7228574942752707
356,1.425363836861786,0.46486522366366273,1.4082456878797627,0.7052113310909173
357,0.005289983586760793,0.0019188721508438741,1.4001036638901958,0.7136979951130272
358,27427.02031998963,20035.408106984705,1.4257785503149092,0.735905112306708
359,20.992400700368677,6.730184082633178,1.381971190961072,0.7013179599309866
360,506880.84947001527,215470.12877659034,1.42999008857047,0.7072002518815874
361,26459.318081788697,11397.603145161078,1.4257491761347978,0.709948070080285
362,340.6176805970488,107.71631229759133,1.4336998992718557,0.6978480457515494
363,0.061257188640850606,0.03507791875825789,1.4122189094162698,0.726635525651764
364,132.65655548353473,400.71371877922087,1.4258132451593226,0.7889882289271097
365,0.09085099441798469,0.025710861721229678,1.3959446186624513,0.7010678582591091
366,28002031633.76502,11535819423.639679,1.4397155202021297,0.6996285838011962
367,83.56887389639493,26.599346751161317,1.4075798348901314,0.6995327792252529
368,1619.3809127048075,1209.194589045622,1.4085258577708992,0.7390576804019541
369,340.6176805970488,107.71631229759133,1.4118842267699063,0.6978480457515494
370,7.443106587979967e-05,2.2415589313790998e-05,1.3682071399315616,0.7174574827240956
371,1.0215866436396777,0.3823513383800655,1.4022913425441452,0.7054809055320828
372,0.044698671509197346,0.038337803284390265,1.3911113407121816,0.7551411894521727
373,483.84255000806337,588.4452373644885,1.4650480999964552,0.7471915717666471
374,0.10720874262527402,0.03572653543335567,1.3923955337687772,0.7095735817646925
375,18236804.328030854,5388197.113621198,1.431496344103037,0.6824258939587667
376,0.0004818002342635981,0.00017135573931409135,1.3909988197325145,0.7188601505087511
377,1.2464505208378769,0.34901814456411123,1.4149604201384296,0.6968160358141919
378,0.12785467997477645,0.061089262456647274,1.3894710789745588,0.7266337928725067
379,26.942778171426305,20.957618469838536,1.4043218763194327,0.7443924655590053
380,0.0004073395636021522,0.0002147282133058159,1.409516214780624,0.7354758059802605
381,20.992400700368677,6.730184082633178,1.4214276102839833,0.7013179599309866
382,4.16082301637653,1.56685819284969,1.4049982608600835,0.7037996019829758
383,5.987993022884344e-06,4.496121614957412e-06,1.3577149683419087,0.7729152764199994
384,1.0215866436396777,0.3823513383800655,1.4133982290195641,0.7054809055320828
385,0.0006957263924095181,0.00020377399180047928,1.376861749252741,0.711323053260846
386,1435.4300291682566,422.2378266239871,1.4363759914164056,0.6888747488298399
387,4.81627081468434,1.3428951355948835,1.4065903461327711,0.6948824748832071
388,0.007459198478352099,0.002141676844296606,1.3884323494210473,0.7058823529411765
389,9832772.365650706,6941289.10288393,1.416010805788015,0.7304520158046244
390,0.002240750949062914,0.0006492716738514016,1.39092306855913,0.708520293840062
391,9600522.034126678,14075061.24639493,1.408098076774371,0.766582695549938
392,0.2817841693647242,2.550813128379838,1.4281815607499626,0.8451649170504273
393,6.176586190937019,2.8212046560372364,1.3864024370902577,0.7201837598488835
394,6129.115455806314,1684.888585314709,1.435283951502904,0.686868686868687
395,324.1775631431659,95.27328967915727,1.4253529730157035,0.6902502439033867
396,4.81627081468434,1.3428951355948835,1.4232841278990354,0.6948824748832071
397,2.2098820131887864e+18,1.4619854142039997e+18,1.4601639825784842,0.7169135365790544
398,1.4145136599332334e-05,2.3082588202912735e-05,1.3684385432548516,0.8048234350297145
399,0.006245737247532267,0.0018261516316863385,1.3651457855632385,0.7055914454311827
400,142861091864.03445,58671405375.47478,1.4450219775711854,0.6987659580408707
401,6.81666193500606e-07,4.7134220630130766e-07,1.3303206541504184,0.760460924098277
402,340.6176805970488,107.71631229759133,1.417841043431151,0.6978480457515494
403,0.006245737247532267,0.0018261516316863385,1.383536939390429,0.7055914454311827
404,0.0033110431100258383,0.001682074104544064,1.3737901861958035,0.7341440889004549
405,26459.318081788697,11397.603145161078,1.4068835719214057,0.709948070080285
406,0.007459198478352099,0.002141676844296606,1.3876309862686713,0.7058823529411765
407,0.000271392295954036,9.831043050055106e-05,1.374219346344963,0.7228574942752707
408,0.2395800128051931,0.13925362094991128,1.4052306547381725,0.7248726117418821
409,0.10720874262527402,0.03572653543335567,1.3894009703769994,0.7095735817646925
410,405.15357471005245,306.3222793031191,1.3842715225596953,0.7407517048977391
411,6129.115455806314,1684.888585314709,1.4209871077126803,0.686868686868687
412,0.030610014097930308,0.010332419157160933,1.3826754485729835,0.7119456279556955
413,7156328584.316818,2174050367.7951403,1.4516701094078432,0.6846170458636324
414,0.0013282830394457797,0.000717637918609671,1.3713642975685638,0.7329684379421934
415,26459.318081788697,11397.603145161078,1.4372478978259935,0.709948070080285
416,500850.3330585654,359155.1318562849,1.4110931185702138,0.7330447675543748
417,0.9750375143795444,0.5741841460261996,1.4261215464385337,0.7232615211637855
418,1435.4300291682566,422.2378266239871,1.4388863423217308,0.6888747488298399
419,1496.3544796956633,654.9327750765966,1.4278810627661047,0.7130065213077107
420,116128.01951611454,84016.61391538054,1.4175191013932695,0.7344399907387308
421,181193.02178142132,70204.26680170187,1.430912101811922,0.695158481411639
422,367.1069895296843,162.15867169046197,1.4050604801666526,0.7146619887757064
423,1.0215866436396777,0.3823513383800655,1.4133982290195641,0.7054809055320828
424,6.176586190937019,2.8212046560372364,1.410163209243158,0.7201837598488835
425,1877331381920.478,6682023725749.72,1.4312802304550454,0.8058424429306398
426,111938440866.60516,76362451625.56085,1.4274227726481405,0.7240577362618126
427,0.0006957263924095181,0.00020377399180047928,1.361279053624995,0.711323053260846
428,0.007459198478352099,0.002141676844296606,1.3933685978144545,0.7058823529411765
429,81.97684706085734,49.75046188837303,1.4289947959099876,0.7192218700500654
430,26459.318081788697,11397.603145161078,1.4095102542506524,0.709948070080285
431,4.121573315401583,2.4550144299804364,1.3963670270911608,0.7217901290484408
432,0.006245737247532267,0.0018261516316863385,1.3771618154506695,0.7055914454311827
433,325.77039973236975,89.96188822077167,1.4092324673446588,0.689768596496016
434,4.402035199531535,1.2901872785683828,1.4247682166065754,0.6950207468911681
435,0.021703718914254908,0.006345379346668699,1.376904700647014,0.7031747486163712
436,27546.857643321677,7558.5267508843335,1.4313175493903572,0.6855541464356182
437,0.0005764518509723378,0.00016887886626079643,1.3670222883649852,0.710946452886417
438,2794744541.0265536,827016475.2165049,1.465389699707508,0.680123122589737
439,18236804.328030854,5388197.113621198,1.4614680438378136,0.6824258939587667
440,1862.9661781277973,1146.7969914549099,1.4525802149956493,0.7170862494876675
441,0.010903785116226864,0.005415420475982642,1.3689306922726152,0.7315142562544289
442,1.2464505208378769,0.34901814456411123,1.4072968356725426,0.6968160358141919
443,1401078188.733119,426534458.93978137,1.4431741027348683,0.6854926013383147
444,20.992400700368677,6.730184082633178,1.3947544047581528,0.7013179599309866
445,6.176586190937019,2.8212046560372364,1.409026819212958,0.7201837598488835
446,5.40247917698663,1.7460880585087124,1.3998260509491567,0.7032089524236795
447,279391467.5445583,85253205.77621976,1.43821146966119,0.6864228455703668
448,0.07804736924308026,0.022825357744556064,1.3857424312964506,0.700918628346836
449,4.402035199531535,1.2901872785683828,1.4162531227555892,0.6950207468911681
450,1.2464505208378769,0.34901814456411123,1.404286560199239,0.6968160358141919
451,0.2405873270205111,0.6742461154691419,1.4270556208190377,0.7918115866254586
452,0.06827930621269399,0.02519349568738681,1.4145757465490716,0.7092695472729487
453,0.0010194699178479208,0.0024134627726921077,1.3712721433117927,0.7966808679977243
454,1496.3544796956633,654.9327750765966,1.4212842574630968,0.7130065213077107
455,325.77039973236975,89.96188822077167,1.4162354768451082,0.689768596496016
456,1.0215866436396777,0.3823513383800655,1.4303305841842051,0.7054809055320828
457,0.00013163194865917511,6.750874290500323e-05,1.3731761417964223,0.7382074055263966
458,4.522291510779415e-05,4.7217347211935566e-05,1.3734889375466726,0.7717194870012509
459,0.002240750949062914,0.0006492716738514016,1.3649190948899148,0.708520293840062
460,26459.318081788697,11397.603145161078,1.405357287388273,0.709948070080285
461,17.50845208218637,6.629756557180963,1.425609029341998,0.7022470922504619
462,118.15530490779625,192.30852818656535,1.4072081466713342,0.7788273652267067
463,126672.29159448428,34700.50547830084,1.4211632457863868,0.6843228066537302
464,0.021703718914254908,0.006345379346668699,1.394652677992409,0.7031747486163712
465,595634.2746110733,162932.30300794024,1.447656418287721,0.6831696970295245
466,4.497323889062362e-05,2.2374592876291914e-05,1.3690097213517631,0.741179859979346
467,1496.3544796956633,654.9327750765966,1.406746972942451,0.7130065213077107
468,6228.214477264946,2703.3362325506387,1.4040810178438257,0.711436552820975
469,126672.29159448428,34700.50547830084,1.4426252962817088,0.6843228066537302
470,0.06827930621269399,0.02519349568738681,1.3680854066683703,0.7092695472729487
471,0.00018545599957017013,5.4462643513688085e-05,1.3723014120485084,0.7139055888526703
472,4.16082301637653,1.56685819284969,1.4028007692903908,0.7037996019829758
473,0.007459198478352099,0.002141676844296606,1.3735227972530943,0.7058823529411765
474,0.9750375143795444,0.5741841460261996,1.4275976463525344,0.7232615211637855
475,4761598906.046693,1866321331.471316,1.4417201545011495,0.6908242086409421
476,1.0215866436396777,0.3823513383800655,1.4039959275894451,0.7054809055320828
477,117642.34864517758,36467.57457944399,1.446490791253565,0.692013621551451
478,145266.3266527056,42834.677398132415,1.432407336639407,0.6852984526196849
479,1420.5964469615178,446.6439133113195,1.426800457486783,0.6962586050959354
480,1.425363836861786,0.46486522366366273,1.4019376322889139,0.7052113310909173
481,19.12009498031508,5.311617489987738,1.3797719891461047,0.6930677750765261
482,27546.857643321677,7558.5267508843335,1.4424623743854847,0.6855541464356182
483,4.81627081468434,1.3428951355948835,1.399723746044648,0.6948824748832071
484,27546.857643321677,7558.5267508843335,1.3977917345770468,0.6855541464356182
485,0.008987194019181535,0.0030779226958397663,1.3961136352761931,0.7144533962851439
486,340.6176805970488,107.71631229759133,1.4038064911514203,0.6978480457515494
487,506880.84947001527,215470.12877659034,1.444919843971063,0.7072002518815874
488,1396.1088381354398,384.6040296777236,1.4033998618879113,0.6882716659419634
489,0.044698671509197346,0.038337803284390265,1.3821058561898807,0.7551411894521727
490,0.09085099441798469,0.025710861721229678,1.4000931130549854,0.7010678582591091
491,5.153341682126786,15.105329803336002,1.4468086888902914,0.7902042480382399
492,5.40247917698663,1.7460880585087124,1.417582374962496,0.7032089524236795
493,1.2464505208378769,0.34901814456411123,1.4131720693795737,0.6968160358141919
494,76.02453648178229,28.930729449091274,1.4337833770448656,0.7008141657314716
495,7.167749354753354,5.666503963945987,1.4035610398465133,0.7463464039296488
496,5.2449079394888266e-05,1.825967659431172e-05,1.3634253820686397,0.7248581969100417
497,4.81627081468434,1.3428951355948835,1.4037247587795094,0.6948824748832071
498,4.402035199531535,1.2901872785683828,1.4297889184172259,0.6950207468911681
499,414866188805831.3,277879302253980.34,1.4424792895150003,0.7200285431631906
500,206974775.6903736,144180069.21881726,1.4335847419965033,0.7281038909135882
501,1.6560242562290826,0.76670860160022,1.4085938556002742,0.7222243424474935
502,0.09085099441798469,0.025710861721229678,1.3715843076320502,0.7010678582591091
503,5.987993022884344e-06,4.496121614957412e-06,1.3344375588522681,0.7729152764199994
504,324.1775631431659,95.27328967915727,1.4205948107184263,0.6902502439033867
505,1061030133063.148,320658213373.65906,1.4515761520762676,0.6822885789920505
506,367.1069895296843,162.15867169046197,1.4219629102276397,0.7146619887757064
507,23.57347013178424,10.636163934830956,1.3960554540347425,0.7182462211853055
508,2199566.46831178,1564463.1315458934,1.410485771908688,0.7317164165795553
509,324.1775631431659,95.27328967915727,1.4291099045694124,0.6902502439033867
510,1420.5964469615178,446.6439133113195,1.4259926558324574,0.6962586050959354
511,14051294.196538748,3834425.918348724,1.455168687529125,0.6810795746607844
512,0.2594811623411841,0.09646016182155537,1.3988229038073092,0.7073007743472312
513,0.008987194019181535,0.0030779226958397663,1.401029283866506,0.7144533962851439
514,114679.92933268899,49058.38403404931,1.4321531453350642,0.7085372087307503
515,0.38580181911614153,0.1271078091606419,1.3959926521413737,0.7073308784614499
516,0.10720874262527402,0.03572653543335567,1.3805129902094757,0.7095735817646925
517,0.2405873270205111,0.6742461154691419,1.4358035078381248,0.7918115866254586
518,0.0002235458024665734,6.631400905556637e-05,1.3652454557375422,0.714299193127675
519,2794744541.0265536,827016475.2165049,1.4417747109079044,0.680123122589737
520,710770.1406701701,209734.37441982562,1.4350215093627796,0.6842698821273407
521,0.10720874262527402,0.03572653543335567,1.404712650977834,0.7095735817646925
522,23.57347013178424,10.636163934830956,1.4015440772609773,0.7182462211853055
523,0.6496395473927248,1.1489865867750737,1.373211149533341,0.7867440495102349
524,1.0215866436396777,0.3823513383800655,1.4135790891696163,0.7054809055320828
525,6523.688097426099,1920.6119982152586,1.4194282464947752,0.6875951049264846
526,1.9481221282657188,1.5676019610862888,1.3927414702565644,0.7483943504285878
527,6228.214477264946,2703.3362325506387,1.394540006117322,0.711436552820975
528,5.40247917698663,1.7460880585087124,1.413177912630241,0.7032089524236795
529,0.007459198478352099,0.002141676844296606,1.3675093122652815,0.7058823529411765
530,0.05700407297338919,0.06311061778818443,1.3960626722626517,0.7539708180428913
531,0.0008454243254514121,0.0002998484903191837,1.3641776825068008,0.719902518589461
532,0.33170403504826174,0.0933378087587717,1.3998617097316957,0.6988754144777941
533,0.06827930621269399,0.02519349568738681,1.4230393484060517,0.7092695472729487
534,1.0215866436396777,0.3823513383800655,1.4200223786091446,0.7054809055320828
535,1.425363836861786,0.46486522366366273,1.411107413002082,0.7052113310909173
536,17.50845208218637,6.629756557180963,1.4229657447235595,0.7022470922504619
537,0.33170403504826174,0.0933378087587717,1.4029017135885673,0.6988754144777941
538,511816.9027144091,765818.8761067325,1.4085779902868407,0.7692496322837423
539,500850.3330585654,359155.1318562849,1.3975879213679057,0.7330447675543748
540,26459.318081788697,11397.603145161078,1.4288616751258456,0.709948070080285
541,0.021703718914254908,0.006345379346668699,1.4022957616182576,0.7031747486163712
542,17.936397288544622,5.261700783329765,1.3934762345077183,0.6933159612738394
543,930153.2683449839,361303.7160365056,1.4577952525794986,0.6942792308315187
544,0.07804736924308026,0.022825357744556064,1.390365446509223,0.700918628346836
545,324.1775631431659,95.27328967915727,1.4030924670868066,0.6902502439033867
546,0.030610014097930308,0.010332419157160933,1.3959032686186568,0.7119456279556955
547,1.1128130886131955,0.3258768489328487,1.4021446213443125,0.6968505260229698
548,534989.5160260076,165207.4991062696,1.4355047409820327,0.690757957536342
549,0.33170403504826174,0.0933378087587717,1.3853315251776852,0.6988754144777941
550,6.176586190937019,2.8212046560372364,1.3891190309009043,0.7201837598488835
551,83.56887389639493,26.599346751161317,1.3997987146679132,0.6995327792252529
552,0.05700407297338919,0.06311061778818443,1.3960626722626517,0.7539708180428913
553,5.373336955630985e-05,0.0010640894529337743,1.3715946832104924,0.982965887312274
554,0.33170403504826174,0.0933378087587717,1.4102555750683123,0.6988754144777941
555,0.33170403504826174,0.0933378087587717,1.3903018807292722,0.6988754144777941
556,76.02453648178229,28.930729449091274,1.432390838373906,0.7008141657314716
557,145266.3266527056,42834.677398132415,1.4340832879241647,0.6852984526196849
558,0.5412020371450618,0.4440061609700033,1.3851815142901467,0.750540153985825
559,0.0006957263924095181,0.00020377399180047928,1.374602433437948,0.711323053260846
560,0.0004818002342635981,0.00017135573931409135,1.3836459451502328,0.7188601505087511
561,0.0018625599699940458,0.0005449148820555754,1.394824078017668,0.708178598884215
562,0.0004073395636021522,0.0002147282133058159,1.3798914616672404,0.7354758059802605
563,70424046.17649466,19198643.38855479,1.4480856417232835,0.6801338829493874
564,384.5905253322608,235.1816166790644,1.4167042033822084,0.718104620523316
565,367.1069895296843,162.15867169046197,1.4025237093188059,0.7146619887757064
566,17.50845208218637,6.629756557180963,1.399547351695007,0.7022470922504619
567,0.38580181911614153,0.1271078091606419,1.3896039389196913,0.7073308784614499
568,7168.396128445858,11131.710298185053,1.411610925373546,0.773723364576237
569,0.00015528186072966973,5.464531087753475e-05,1.3625422701439254,0.7217480088055236
570,44728249.03363202,31357382.26837283,1.414430912526226,0.7292487462917193
571,6059.110462726996,1895.0980139887142,1.4275294271381562,0.694759512086541
572,1396.1088381354398,384.6040296777236,1.4164543634674573,0.6882716659419634
573,0.004000763999428623,0.004178750504041294,1.4176883736601387,0.7573787947828975
574,1.1128130886131955,0.3258768489328487,1.415680417005949,0.6968505260229698
575,0.061257188640850606,0.03507791875825789,1.4274613933857643,0.726635525651764
576,4.402035199531535,1.2901872785683828,1.373704141041847,0.6950207468911681
577,0.2594811623411841,0.09646016182155537,1.4088139115573488,0.7073007743472312
578,0.006245737247532267,0.0018261516316863385,1.3830136448838328,0.7055914454311827
579,76.02453648178229,28.930729449091274,1.413409056361428,0.7008141657314716
580,10485152.5176306,4408208.026955668,1.4171899355376432,0.7047339099598882
581,0.2594811623411841,0.09646016182155537,1.3983299972829164,0.7073007743472312
582,26403159.96639067,10299550.048458645,1.4563108401263318,0.6927238911107007
583,4.402035199531535,1.2901872785683828,1.423253029899642,0.6950207468911681
584,0.12785467997477645,0.061089262456647274,1.3946004358992299,0.7266337928725067
585,1.0215866436396777,0.3823513383800655,1.401999666589412,0.7054809055320828
586,0.09085099441798469,0.025710861721229678,1.4100160133356656,0.7010678582591091
587,0.2395800128051931,0.13925362094991128,1.3923770488545164,0.7248726117418821
588,534989.5160260076,165207.4991062696,1.4358484036036947,0.690757957536342
589,4.402035199531535,1.2901872785683828,1.4209034435721408,0.6950207468911681
590,1420.5964469615178,446.6439133113195,1.4202627819889142,0.6962586050959354
591,0.454604054984777,0.21364507068489358,1.40354019564543,0.7243727221054028
592,77.92303033161328,21.57834735983068,1.3849477992721588,0.6913652726496868
593,28002031633.76502,11535819423.639679,1.4321854366816877,0.6996285838011962
594,0.061257188640850606,0.03507791875825789,1.4100641149072952,0.726635525651764
595,233486734.07977453,97262263.93256894,1.42999813753048,0.7025221771949937
596,0.030610014097930308,0.010332419157160933,1.3743965057213474,0.7119456279556955
597,6523.688097426099,1920.6119982152586,1.4332009641764654,0.6875951049264846
598,0.010903785116226864,0.005415420475982642,1.3942456232549143,0.7315142562544289
599,56768079.55211575,17366465.919330616,1.453707195266822,0.6874110124145731
600,1.2464505208378769,0.34901814456411123,1.3982666383721658,0.6968160358141919
601,42106898.60586647,159175636.70378014,1.4379970816517005,0.8133146673870023
602,0.044698671509197346,0.038337803284390265,1.3744728559739725,0.7551411894521727
603,6.176586190937019,2.8212046560372364,1.4053818662883384,0.7201837598488835
604,595634.2746110733,162932.30300794024,1.4341473284983706,0.6831696970295245
605,0.025634730272698532,0.007303104306933848,1.3936081595471015,0.703400900555493
606,0.006245737247532267,0.0018261516316863385,1.3865158879894952,0.7055914454311827
607,0.010903785116226864,0.005415420475982642,1.3610575138857832,0.7315142562544289
608,28002031633.76502,11535819423.639679,1.446394741506061,0.6996285838011962
609,2862411.423269479,781998.685440034,1.4278918821874627,0.6820901064756643
610,0.2900647839582661,0.08487959965554678,1.3842201987370517,0.698813587684705
611,0.005289983586760793,0.0019188721508438741,1.4100998230909165,0.7136979951130272
612,0.00015528186072966973,5.464531087753475e-05,1.3777700402632667,0.7217480088055236
613,0.01864213669972202,0.00682252275684515,1.382590378616709,0.7113981312588868
614,26414.808594226553,8222.984148476227,1.3827089412960925,0.693346028762545
615,0.0005764518509723378,0.00016887886626079643,1.3890685988103357,0.710946452886417
616,0.004550364759483376,0.00251276826901998,1.4030006766176324,0.7306693213431201
617,1.8613372944275786e-05,6.412151163608195e-06,1.3349688324800506,0.7282045590198672
618,384.5905253322608,235.1816166790644,1.422213238546236,0.718104620523316
619,4.497323889062362e-05,2.2374592876291914e-05,1.3657821273306308,0.741179859979346
620,6.81666193500606e-07,4.7134220630130766e-07,1.3169222136585141,0.760460924098277
621,405.15357471005245,306.3222793031191,1.4131508486242006,0.7407517048977391
622,0.0009427424394964507,0.006823030707283277,1.4334439831068089,0.8468641117475177
623,0.2900647839582661,0.08487959965554678,1.3875979808002423,0.698813587684705
624,92.01290451946879,41.05641426798167,1.4142801139450076,0.7164071179237499
625,0.003486728913081798,0.02732694372921058,1.399000764469301,0.8462659926518059
626,595634.2746110733,162932.30300794024,1.4330758302398454,0.6831696970295245
627,5.40247917698663,1.7460880585087124,1.3940254351067793,0.7032089524236795
628,92.01290451946879,41.05641426798167,1.4111710492544136,0.7164071179237499
629,6.959556494209423e-06,2.3743953370360823e-06,1.3459571269397133,0.7318012379896861
630,0.0006957263924095181,0.00020377399180047928,1.3888992772281719,0.711323053260846
631,75.20448220886128,22.081808951998962,1.4154842451298164,0.6917282868217168
632,26414.808594226553,8222.984148476227,1.4224209038302482,0.693346028762545
633,0.0005764518509723378,0.00016887886626079643,1.3880812856772708,0.710946452886417
634,6.176586190937019,2.8212046560372364,1.3804982843849762,0.7201837598488835
635,0.06827930621269399,0.02519349568738681,1.4061069932414108,0.7092695472729487
636,0.2900647839582661,0.08487959965554678,1.3992711811056213,0.698813587684705
637,340.25889489883446,130.06117219362636,1.4125259444367135,0.6994921615744347
638,2283799.177796326,965236.562789028,1.428264957257127,0.7059336282843953
639,6129.115455806314,1684.888585314709,1.419202878114369,0.686868686868687
640,1396.1088381354398,384.6040296777236,1.4268482288040745,0.6882716659419634
641,0.006245737247532267,0.0018261516316863385,1.4075703062345089,0.7055914454311827
642,76.02453648178229,28.930729449091274,1.4239272365169258,0.7008141657314716
643,0.38580181911614153,0.1271078091606419,1.4020164642918664,0.7073308784614499
644,0.33170403504826174,0.0933378087587717,1.4052689231810394,0.6988754144777941
645,7.933052745691395e-06,2.371605368414588e-06,1.3615800210786397,0.7240407871815046
646,4.121573315401583,2.4550144299804364,1.4182671895626238,0.7217901290484408
647,103.41593718145653,79.25879384505888,1.4048273982397932,0.7425287832687744
648,0.2266732321711536,1.1149577868071703,1.3835269531354162,0.8364203657673583
649,75.20448220886128,22.081808951998962,1.4257448942922055,0.6917282868217168
650,4.402035199531535,1.2901872785683828,1.4172450149559264,0.6950207468911681
651,1.0645011774742619e-07,5.3526602532120906e-08,1.3141076934454612,0.7529704281728986
652,4.402035199531535,1.2901872785683828,1.4065850858885895,0.6950207468911681
653,0.021703718914254908,0.006345379346668699,1.3846145463691628,0.7031747486163712
654,405.15357471005245,306.3222793031191,1.4081072951719589,0.7407517048977391
655,20.992400700368677,6.730184082633178,1.3921076990561567,0.7013179599309866
656,0.006245737247532267,0.0018261516316863385,1.3711538005069541,0.7055914454311827
657,6059.110462726996,1895.0980139887142,1.4001114360231897,0.694759512086541
658,0.004000763999428623,0.004178750504041294,1.3664013029963504,0.7573787947828975
659,17.50845208218637,6.629756557180963,1.414321282716527,0.7022470922504619
660,0.00015528186072966973,5.464531087753475e-05,1.3749458954947757,0.7217480088055236
661,340.25889489883446,130.06117219362636,1.416561767726112,0.6994921615744347
662,7940.554271301109,32563.67117114558,1.3954060302680966,0.8216775696662515
663,1790.767721419286,2821.309862529194,1.4072762731547193,0.7753510651116696
664,1.2464505208378769,0.34901814456411123,1.378329240368811,0.6968160358141919
665,0.01633160901155439,0.009194390645420544,1.4033429076642707,0.7285631874756309
666,6059.110462726996,1895.0980139887142,1.395569884597107,0.694759512086541
667,1420.5964469615178,446.6439133113195,1.4285738840240065,0.6962586050959354
668,83.56887389639493,26.599346751161317,1.4233962781501202,0.6995327792252529
669,126672.29159448428,34700.50547830084,1.409314114971536,0.6843228066537302
670,1.6560242562290826,0.76670860160022,1.3724725657018,0.7222243424474935
671,384.5905253322608,235.1816166790644,1.4387643871939921,0.718104620523316
672,506880.84947001527,215470.12877659034,1.4217345852829741,0.7072002518815874
673,181193.02178142132,70204.26680170187,1.427523302140929,0.695158481411639
674,14051294.196538748,3834425.918348724,1.4501493624600346,0.6810795746607844
675,0.0163073876917642,0.031337232607259694,1.3715627044030951,0.7936206554980815
676,0.9850128285841346,1.1372898368984412,1.4380737518720703,0.751211005433071
677,0.0036353213176475666,0.009100288550486946,1.4092672787113856,0.7952120481256589
678,3905817982130.378,1595354670801.2861,1.440311762109733,0.6971782905107545
679,9600522.034126678,14075061.24639493,1.4340565584027338,0.766582695549938
680,1420.5964469615178,446.6439133113195,1.4110434334081008,0.6962586050959354
681,2.3147306140133272,3.9993446772972714,1.3780021908380864,0.7846369360707567
682,30408.141082617018,8959.603239302221,1.4178820751330425,0.6864049916701989
683,2862411.423269479,781998.685440034,1.4401819920606154,0.6820901064756643
684,5.40247917698663,1.7460880585087124,1.4080315747126402,0.7032089524236795
685,6059.110462726996,1895.0980139887142,1.4148364048352113,0.694759512086541
686,0.12785467997477645,0.061089262456647274,1.3807161787455244,0.7266337928725067
687,75.20448220886128,22.081808951998962,1.419973801368544,0.6917282868217168
688,710770.1406701701,209734.37441982562,1.4524765944630187,0.6842698821273407
689,324.1775631431659,95.27328967915727,1.4208374586719983,0.6902502439033867
690,0.002240750949062914,0.0006492716738514016,1.387300084708097,0.708520293840062
691,0.0004818002342635981,0.00017135573931409135,1.3808218003817414,0.7188601505087511
692,0.2900647839582661,0.08487959965554678,1.3877587453780666,0.698813587684705
693,0.030610014097930308,0.010332419157160933,1.3975252955262123,0.7119456279556955
694,4.402035199531535,1.2901872785683828,1.4129083722296962,0.6950207468911681
695,1568.0589739054694,601.7691934826287,1.4309097108720477,0.6982729536826265
696,0.025634730272698532,0.007303104306933848,1.3917735264549247,0.703400900555493
697,0.013303739885681318,0.011705258580678845,1.3691189792629221,0.7576045659143844
698,1862.9661781277973,1146.7969914549099,1.4052540592881826,0.7170862494876675
699,0.0004073395636021522,0.0002147282133058159,1.3507366572968247,0.7354758059802605
700,2263743.723922158,8759926.39704808,1.4018673079412916,0.8158792658766728
701,0.38580181911614153,0.1271078091606419,1.4114196114216406,0.7073308784614499
702,340.6176805970488,107.71631229759133,1.3798080376162114,0.6978480457515494
703,0.00015528186072966973,5.464531087753475e-05,1.3717087531057353,0.7217480088055236
704,19.12009498031508,5.311617489987738,1.4066412530907708,0.6930677750765261
705,340.6176805970488,107.71631229759133,1.4095336879056448,0.6978480457515494
706,0.0008454243254514121,0.0002998484903191837,1.3737096872018408,0.719902518589461
707,145801422.10204285,56976645.58292144,1.454197352673746,0.6920374929280301
708,7.933052745691395e-06,2.371605368414588e-06,1.3505545763223286,0.7240407871815046
709,47895.94333291211,29804.06130376502,1.4578921591781808,0.7153131148842807
710,75.20448220886128,22.081808951998962,1.4382524942181527,0.6917282868217168
711,121228.2346828493,183476.40827766602,1.419564677582429,0.7706752614261426
712,299446765806.88965,81342334406.37599,1.4524302148000012,0.676246105138899
713,117642.34864517758,36467.57457944399,1.4258838104589433,0.692013621551451
714,0.025634730272698532,0.007303104306933848,1.387399582945381,0.703400900555493
715,511816.9027144091,765818.8761067325,1.4034266613269222,0.7692496322837423
716,5.40247917698663,1.7460880585087124,1.3888828436987646,0.7032089524236795
717,324.1775631431659,95.27328967915727,1.4219901154501597,0.6902502439033867
718,405.15357471005245,306.3222793031191,1.3729699423018558,0.7407517048977391
719,324.1775631431659,95.27328967915727,1.3941573411426775,0.6902502439033867
720,1381398.127660999,866691.9366678329,1.4516065988090856,0.7138426665842115
721,1.4766433255806977e-05,1.1948811078242287e-05,1.3678222882515965,0.7696551736214864
722,83.56887389639493,26.599346751161317,1.415318542531634,0.6995327792252529
723,49033692.88180503,20515876.039012082,1.4185884965885833,0.7035978095371206
724,0.09085099441798469,0.025710861721229678,1.3866017535776827,0.7010678582591091
725,26.942778171426305,20.957618469838536,1.4024399250786042,0.7443924655590053
726,1.425363836861786,0.46486522366366273,1.4112092447641045,0.7052113310909173
727,0.01633160901155439,0.009194390645420544,1.3958250143366961,0.7285631874756309
728,1435.4300291682566,422.2378266239871,1.4184174016123419,0.6888747488298399
729,0.00018545599957017013,5.4462643513688085e-05,1.3798246136991574,0.7139055888526703
730,1.2464505208378769,0.34901814456411123,1.40607078979755,0.6968160358141919
731,4.16082301637653,1.56685819284969,1.4138118559702815,0.7037996019829758
732,1.8613372944275786e-05,6.412151163608195e-06,1.3681766806713997,0.7282045590198672
733,111938440866.60516,76362451625.56085,1.4160325099595765,0.7240577362618126
734,5581490542.325673,2307161547.726061,1.441561485184117,0.7005403855042663
735,9.234546509293034e-06,2.8929072482073193e-06,1.3530106111139728,0.7243564395710259
736,0.03686369864891388,0.017939624429595263,1.3802559874813258,0.7290125845018234
737,5.2449079394888266e-05,1.825967659431172e-05,1.3573692463617892,0.7248581969100417
738,6228.214477264946,2703.3362325506387,1.4038990318786464,0.711436552820975
739,0.0036353213176475666,0.009100288550486946,1.4066407496266364,0.7952120481256589
740,0.2395800128051931,0.13925362094991128,1.4271308172096357,0.7248726117418821
741,1.1128130886131955,0.3258768489328487,1.4160429469347209,0.6968505260229698
742,23.57347013178424,10.636163934830956,1.4025623478563503,0.7182462211853055
743,83.56887389639493,26.599346751161317,1.41600123313028,0.6995327792252529
744,1568.0589739054694,601.7691934826287,1.40783447906859,0.6982729536826265
745,340.25889489883446,130.06117219362636,1.4388606010314733,0.6994921615744347
746,7.443106587979967e-05,2.2415589313790998e-05,1.3659519452773137,0.7174574827240956
747,405.15357471005245,306.3222793031191,1.4245107015827858,0.7407517048977391
748,0.030610014097930308,0.010332419157160933,1.3917980987719878,0.7119456279556955
749,324.1775631431659,95.27328967915727,1.4152675828610761,0.6902502439033867
750,6523.688097426099,1920.6119982152586,1.4314669624891294,0.6875951049264846
751,116128.01951611454,84016.61391538054,1.415795967023379,0.7344399907387308
752,31.230115302180085,51.77000083152298,1.382084919655323,0.7806816143099642
753,595634.2746110733,162932.30300794024,1.4452921534934982,0.6831696970295245
754,0.2395800128051931,0.13925362094991128,1.4031225362032236,0.7248726117418821
755,181193.02178142132,70204.26680170187,1.4442747971555179,0.695158481411639
756,0.38580181911614153,0.1271078091606419,1.4021479989464503,0.7073308784614499
757,3.07974656062431e-05,1.1746537630275852e-05,1.3623789539175282,0.7292633865772444
758,0.2594811623411841,0.09646016182155537,1.4221562364813374,0.7073007743472312
759,511257880.9171901,151218726.50606832,1.4042976361697892,0.6808346566039843
760,1.0215866436396777,0.3823513383800655,1.4093233383035944,0.7054809055320828
761,6.212926342926487e-05,1.8315290222945858e-05,1.3660819142147076,0.7170668916279419
762,23.57347013178424,10.636163934830956,1.3859342692404832,0.7182462211853055
763,77.92303033161328,21.57834735983068,1.4062681064456883,0.6913652726496868
764,1435.4300291682566,422.2378266239871,1.4327208347982459,0.6888747488298399
765,0.03686369864891388,0.017939624429595263,1.3940527871521728,0.7290125845018234
766,0.002240750949062914,0.0006492716738514016,1.3972229849887774,0.708520293840062
767,76.02453648178229,28.930729449091274,1.4115236111660752,0.7008141657314716
768,75.20448220886128,22.081808951998962,1.4085766281193317,0.6917282868217168
769,47895.94333291211,29804.06130376502,1.448531447281939,0.7153131148842807
770,23.57347013178424,10.636163934830956,1.4088305488097623,0.7182462211853055
771,117642.34864517758,36467.57457944399,1.446490791253565,0.692013621551451
772,0.38580181911614153,0.1271078091606419,1.3789610935751537,0.7073308784614499
773,6228.214477264946,2703.3362325506387,1.3895437333231797,0.711436552820975
774,14051294.196538748,3834425.918348724,1.4348682182475134,0.6810795746607844
775,2483075.1102366634,764146.1614242214,1.4191873372165626,0.6895749002297951
776,0.00013163194865917511,6.750874290500323e-05,1.3680004505806613,0.7382074055263966
777,0.0013282830394457797,0.000717637918609671,1.3782855955192501,0.7329684379421934
778,0.38580181911614153,0.1271078091606419,1.381241959860849,0.7073308784614499
779,27427.02031998963,20035.408106984705,1.4061745949106248,0.735905112306708
780,0.2900647839582661,0.08487959965554678,1.4011291973946067,0.698813587684705
781,145266.3266527056,42834.677398132415,1.432445233481829,0.6852984526196849
782,506880.84947001527,215470.12877659034,1.44399148485709,0.7072002518815874
783,0.002240750949062914,0.0006492716738514016,1.3881927876884006,0.708520293840062
784,20.206596251652215,24.046042109022654,1.4220653870634348,0.7489839012983168
785,4.16082301637653,1.56685819284969,1.4153392618633407,0.7037996019829758
786,534989.5160260076,165207.4991062696,1.4485851421022309,0.690757957536342
787,2283799.177796326,965236.562789028,1.4167105982454933,0.7059336282843953
788,77.92303033161328,21.57834735983068,1.402786865916448,0.6913652726496868
789,0.05700407297338919,0.06311061778818443,1.407347474738625,0.7539708180428913
790,1496.3544796956633,654.9327750765966,1.4114610150664646,0.7130065213077107
791,9.234546509293034e-06,2.8929072482073193e-06,1.354707622044902,0.7243564395710259
792,2483075.1102366634,764146.1614242214,1.4248042377657308,0.6895749002297951
793,6228.214477264946,2703.3362325506387,1.435443285615368,0.711436552820975
794,75.20448220886128,22.081808951998962,1.418035048570057,0.6917282868217168
795,0.005289983586760793,0.0019188721508438741,1.3950580645723085,0.7136979951130272
796,0.002240750949062914,0.0006492716738514016,1.3972229849887774,0.708520293840062
797,27546.857643321677,7558.5267508843335,1.4119714100888792,0.6855541464356182
798,455.68366284035835,729.2247189690567,1.4017871566973483,0.7770514685059333
799,76.02453648178229,28.930729449091274,1.4294355073811271,0.7008141657314716
800,0.008987194019181535,0.0030779226958397663,1.3929515482480197,0.7144533962851439
801,2283799.177796326,965236.562789028,1.4310235539793281,0.7059336282843953
802,0.2316497923647762,0.26235699963873715,1.4360363715744338,0.7525175314805115
803,2.171395293567102e-05,6.4379019784469285e-06,1.3537951255570633,0.7204415065465453
804,3.07974656062431e-05,1.1746537630275852e-05,1.34638856342224,0.7292633865772444
805,14051294.196538748,3834425.918348724,1.4530540598343742,0.6810795746607844
806,0.38580181911614153,0.1271078091606419,1.3928975606024485,0.7073308784614499
807,0.03686369864891388,0.017939624429595263,1.3641980712604465,0.7290125845018234
808,0.0011487747234578873,0.0011563389077742774,1.3634492872742898,0.7593669242096045
809,2794744541.0265536,827016475.2165049,1.4673249185075838,0.680123122589737
810,1619.3809127048075,1209.194589045622,1.3936030361071363,0.7390576804019541
811,0.005289983586760793,0.0019188721508438741,1.3738699585416454,0.7136979951130272
812,1396.1088381354398,384.6040296777236,1.424888148725791,0.6882716659419634
813,18.06518633210207,10.86842463438622,1.4198127055898875,0.7204471001327054
814,2483075.1102366634,764146.1614242214,1.4517935081831312,0.6895749002297951
815,0.05700407297338919,0.06311061778818443,1.4091473477029386,0.7539708180428913
816,1396.1088381354398,384.6040296777236,1.406110901624706,0.6882716659419634
817,1.6560242562290826,0.76670860160022,1.3944879201585652,0.7222243424474935
818,1619.3809127048075,1209.194589045622,1.3949428029687272,0.7390576804019541
819,0.01864213669972202,0.00682252275684515,1.4026385545045743,0.7113981312588868
820,0.09085099441798469,0.025710861721229678,1.3846551055472813,0.7010678582591091
821,4.16082301637653,1.56685819284969,1.4192792853572107,0.7037996019829758
822,6228.214477264946,2703.3362325506387,1.421024120529549,0.711436552820975
823,10485152.5176306,4408208.026955668,1.4065717407083482,0.7047339099598882
824,20.206596251652215,24.046042109022654,1.451560925934263,0.7489839012983168
825,0.01864213669972202,0.00682252275684515,1.3919395141990243,0.7113981312588868
826,0.454604054984777,0.21364507068489358,1.3924339448341818,0.7243727221054028
827,6523.688097426099,1920.6119982152586,1.4406117048495326,0.6875951049264846
828,0.010903785116226864,0.005415420475982642,1.3818629993598412,0.7315142562544289
829,1.2464505208378769,0.34901814456411123,1.4146300220419905,0.6968160358141919
830,4.16082301637653,1.56685819284969,1.4217534368724842,0.7037996019829758
831,5.40247917698663,1.7460880585087124,1.4168538630057905,0.7032089524236795
832,113246652751381.69,33581844612913.67,1.4676438204026314,0.6768062295913854
833,1381398.127660999,866691.9366678329,1.4675277773735538,0.7138426665842115
834,0.9750375143795444,0.5741841460261996,1.4345248316754275,0.7232615211637855
835,2483075.1102366634,764146.1614242214,1.4183684271086356,0.6895749002297951
836,181193.02178142132,70204.26680170187,1.4447473332603034,0.695158481411639
837,0.01864213669972202,0.00682252275684515,1.399637230583843,0.7113981312588868
838,324.1775631431659,95.27328967915727,1.4036225503524788,0.6902502439033867
839,0.0005005532542016379,0.0010703351687816976,1.3641683303200647,0.8013980129947534
840,0.005289983586760793,0.0019188721508438741,1.378533555577536,0.7136979951130272
841,121228.2346828493,183476.40827766602,1.4156136435206226,0.7706752614261426
842,0.0013282830394457797,0.000717637918609671,1.3778152787561868,0.7329684379421934
843,27546.857643321677,7558.5267508843335,1.4436076592635099,0.6855541464356182
844,740961757533.5555,303440597316.53015,1.456149387842953,0.6979499933941294
845,6.2980326433310565e-06,2.92567656938794e-06,1.3664491670550944,0.747916463736001
846,0.2594811623411841,0.09646016182155537,1.3966457826572236,0.7073007743472312
847,1568.0589739054694,601.7691934826287,1.4492652357322304,0.6982729536826265
848,30408.141082617018,8959.603239302221,1.446238143947121,0.6864049916701989
849,117642.34864517758,36467.57457944399,1.428048030131993,0.692013621551451
850,4.81627081468434,1.3428951355948835,1.406953417411028,0.6948824748832071
851,233486734.07977453,97262263.93256894,1.4383000144974414,0.7025221771949937
852,19.12009498031508,5.311617489987738,1.411183176264664,0.6930677750765261
853,37217046635.59082,11284775979.347948,1.433690709048813,0.6837931081310806
854,1.1518281803621734e-06,3.879744798686527e-07,1.3336114593951798,0.739803016958134
855,0.0010194699178479208,0.0024134627726921077,1.4197033891325113,0.7966808679977243
856,1.2464505208378769,0.34901814456411123,1.4017009674485512,0.6968160358141919
857,0.06827930621269399,0.02519349568738681,1.4012334216250828,0.7092695472729487
858,77.92303033161328,21.57834735983068,1.4032578309723847,0.6913652726496868
859,0.33170403504826174,0.0933378087587717,1.3830600341877515,0.6988754144777941
860,5.132555591194423e-07,1.7289293094731243e-07,1.3457156325802213,0.744236937341587
861,367.1069895296843,162.15867169046197,1.3735699102111487,0.7146619887757064
862,0.10720874262527402,0.03572653543335567,1.3766682125826561,0.7095735817646925
863,77.92303033161328,21.57834735983068,1.4256388207905675,0.6913652726496868
864,0.05700407297338919,0.06311061778818443,1.3669156478209963,0.7539708180428913
865,1619.3809127048075,1209.194589045622,1.403056966778792,0.7390576804019541
866,0.061257188640850606,0.03507791875825789,1.4070432182005086,0.726635525651764
867,1.2464505208378769,0.34901814456411123,1.4081895386528458,0.6968160358141919
868,0.030610014097930308,0.010332419157160933,1.3906835116129035,0.7119456279556955
869,0.2405873270205111,0.6742461154691419,1.4565912385113589,0.7918115866254586
870,6.2980326433310565e-06,2.92567656938794e-06,1.3490518885766254,0.747916463736001
871,1383.5711517440484,13707.396682859166,1.4742719343645694,0.8446598496327095
872,0.00015528186072966973,5.464531087753475e-05,1.3658884358671939,0.7217480088055236
873,126672.29159448428,34700.50547830084,1.4241898175953762,0.6843228066537302
874,26459.318081788697,11397.603145161078,1.4057471818912057,0.709948070080285
875,0.0011487747234578873,0.0011563389077742774,1.3985621627339695,0.7593669242096045
876,0.004550364759483376,0.00251276826901998,1.374518679469983,0.7306693213431201
877,0.0005764518509723378,0.00016887886626079643,1.3785710276278929,0.710946452886417
878,17.936397288544622,5.261700783329765,1.4026209768681215,0.6933159612738394
879,1420.5964469615178,446.6439133113195,1.418570013082524,0.6962586050959354
880,0.014719200016023566,0.015865740309781343,1.4017017091266284,0.7555858576681448
881,1435.4300291682566,422.2378266239871,1.398033465452903,0.6888747488298399
882,5.40247917698663,1.7460880585087124,1.3992414456029463,0.7032089524236795
883,83.56887389639493,26.599346751161317,1.4197230048638887,0.6995327792252529
884,0.06827930621269399,0.02519349568738681,1.4031479812508199,0.7092695472729487
885,23.57347013178424,10.636163934830956,1.4216056435847826,0.7182462211853055
886,0.10720874262527402,0.03572653543335567,1.3801145430511856,0.7095735817646925
887,5.153341682126786,15.105329803336002,1.4555565759093785,0.7902042480382399
888,36216.52678028123,13992.616995879082,1.414547131199843,0.6961129877428716
889,455.68366284035835,729.2247189690567,1.410565806606743,0.7770514685059333
890,7940.554271301109,32563.67117114558,1.3978903628374975,0.8216775696662515
891,116128.01951611454,84016.61391538054,1.410189428269296,0.7344399907387308
892,6.176586190937019,2.8212046560372364,1.4018941256759245,0.7201837598488835
893,2862411.423269479,781998.685440034,1.4253748311347814,0.6820901064756643
894,0.014719200016023566,0.015865740309781343,1.4112643950362678,0.7555858576681448
895,0.2395800128051931,0.13925362094991128,1.4208823264817165,0.7248726117418821
896,17.50845208218637,6.629756557180963,1.399064398166801,0.7022470922504619
897,4.81627081468434,1.3428951355948835,1.3916233036810035,0.6948824748832071
898,0.454604054984777,0.21364507068489358,1.3900187277216158,0.7243727221054028
899,31.230115302180085,51.77000083152298,1.414121873376683,0.7806816143099642
900,930153.2683449839,361303.7160365056,1.4359502583719586,0.6942792308315187
901,0.00015528186072966973,5.464531087753475e-05,1.377176182492665,0.7217480088055236
902,325.77039973236975,89.96188822077167,1.3696504702770198,0.689768596496016
903,0.07804736924308026,0.022825357744556064,1.3848807260721037,0.700918628346836
904,27546.857643321677,7558.5267508843335,1.421286755331997,0.6855541464356182
905,6523.688097426099,1920.6119982152586,1.4496500932071148,0.6875951049264846
906,76.02453648178229,28.930729449091274,1.413409056361428,0.7008141657314716
907,0.0005764518509723378,0.00016887886626079643,1.3670222883649852,0.710946452886417
908,0.38580181911614153,0.1271078091606419,1.3867384672877858,0.7073308784614499
909,2498.021286100761,3063.9778386833304,1.4454646005713296,0.7464322737114996
910,405.15357471005245,306.3222793031191,1.4217237909281448,0.7407517048977391
911,4895827.026458802,1905986.5865849827,1.454369807282555,0.6934694828491084
912,1.0215866436396777,0.3823513383800655,1.4186298399381847,0.7054809055320828
913,1.4766433255806977e-05,1.1948811078242287e-05,1.340791129001958,0.7696551736214864
914,27546.857643321677,7558.5267508843335,1.4479816027730532,0.6855541464356182
915,75.20448220886128,22.081808951998962,1.4258693553346773,0.6917282868217168
916,10485152.5176306,4408208.026955668,1.4274428871385056,0.7047339099598882
917,0.2900647839582661,0.08487959965554678,1.3921089160766753,0.698813587684705
918,0.9750375143795444,0.5741841460261996,1.4160488663125934,0.7232615211637855
919,0.002240750949062914,0.0006492716738514016,1.3832565392949931,0.708520293840062
920,11757211.26576642,3606922.5471331975,1.4310533594074621,0.6884605047071151
921,6600.7532073348175,4872.750062818065,1.4154661824299732,0.7374432634058997
922,4.16082301637653,1.56685819284969,1.439030633839662,0.7037996019829758
923,56768079.55211575,17366465.919330616,1.4323730061303692,0.6874110124145731
924,4.16082301637653,1.56685819284969,1.4018620697172524,0.7037996019829758
925,0.0008454243254514121,0.0002998484903191837,1.3690933310971138,0.719902518589461
926,31.230115302180085,51.77000083152298,1.3971643471667705,0.7806816143099642
927,126672.29159448428,34700.50547830084,1.4351459878158568,0.6843228066537302
928,30408.141082617018,8959.603239302221,1.4510980811799472,0.6864049916701989
929,17.50845208218637,6.629756557180963,1.395778065678169,0.7022470922504619
930,4.16082301637653,1.56685819284969,1.412404301290169,0.7037996019829758
931,0.00040647807016278974,0.0003923694402788147,1.3597107304452114,0.7656965980750563
932,0.004550364759483376,0.00251276826901998,1.4133520590491546,0.7306693213431201
933,740961757533.5555,303440597316.53015,1.4409938491747296,0.6979499933941294
934,29218.580402053463,44771.33880568168,1.3943039114894535,0.7721656464355959
935,0.2316497923647762,0.26235699963873715,1.4314908114536335,0.7525175314805115
936,0.044698671509197346,0.038337803284390265,1.3897388564057884,0.7551411894521727
937,1401078188.733119,426534458.93978137,1.4534354242279355,0.6854926013383147
938,0.2594811623411841,0.09646016182155537,1.4221562364813374,0.7073007743472312
939,0.008987194019181535,0.0030779226958397663,1.3915803153786725,0.7144533962851439
940,26.942778171426305,20.957618469838536,1.377629864530216,0.7443924655590053
941,6.176586190937019,2.8212046560372364,1.4120425381216979,0.7201837598488835
942,0.05700407297338919,0.06311061778818443,1.4251372413039434,0.7539708180428913
943,1.1128130886131955,0.3258768489328487,1.4103823406403293,0.6968505260229698
944,1.1128130886131955,0.3258768489328487,1.3830323910671387,0.6968505260229698
945,17.936397288544622,5.261700783329765,1.4072229940844307,0.6933159612738394
946,0.07804736924308026,0.022825357744556064,1.415574442476239,0.700918628346836
947,6.176586190937019,2.8212046560372364,1.4053818662883384,0.7201837598488835
948,31.230115302180085,51.77000083152298,1.405862986406005,0.7806816143099642
949,6600.7532073348175,4872.750062818065,1.4051586731720431,0.7374432634058997
950,1396.1088381354398,384.6040296777236,1.420403624254385,0.6882716659419634
951,0.005289983586760793,0.0019188721508438741,1.3961687918470067,0.7136979951130272
952,4.121573315401583,2.4550144299804364,1.402346010998156,0.7217901290484408
953,0.0013282830394457797,0.000717637918609671,1.3900368660188946,0.7329684379421934
954,1862.9661781277973,1146.7969914549099,1.4464917456080502,0.7170862494876675
955,4.371708690848631,5.130729942015251,1.4429345757241725,0.750037381310715
956,0.0009427424394964507,0.006823030707283277,1.4334439831068089,0.8468641117475177
957,367.1069895296843,162.15867169046197,1.4138119460952332,0.7146619887757064
958,1420.5964469615178,446.6439133113195,1.4255369080515128,0.6962586050959354
959,1.425363836861786,0.46486522366366273,1.3960789008801051,0.7052113310909173
960,0.00018545599957017013,5.4462643513688085e-05,1.3738120196881696,0.7139055888526703
961,4.402035199531535,1.2901872785683828,1.4162531227555892,0.6950207468911681
962,0.021703718914254908,0.006345379346668699,1.3817646378798405,0.7031747486163712
963,5.153341682126786,15.105329803336002,1.4540546565923573,0.7902042480382399
964,2300.8573457228194,32651.483856293187,1.4116815924441908,0.8847743446793991
965,483.84255000806337,588.4452373644885,1.4631392918664137,0.7471915717666471
966,9600522.034126678,14075061.24639493,1.4166867167226205,0.766582695549938
967,0.0004818002342635981,0.00017135573931409135,1.3836459451502328,0.7188601505087511
968,0.056131026448622785,0.1526183037736146,1.4113501354097004,0.7927965525925905
969,1.4766433255806977e-05,1.1948811078242287e-05,1.352075931477932,0.7696551736214864
970,0.38580181911614153,0.1271078091606419,1.4007767660771029,0.7073308784614499
971,0.0006957263924095181,0.00020377399180047928,1.3789763769474916,0.711323053260846
972,0.008987194019181535,0.0030779226958397663,1.374680291467036,0.7144533962851439
973,7156328584.316818,2174050367.7951403,1.443521548534771,0.6846170458636324
974,0.2395800128051931,0.13925362094991128,1.3838004410096765,0.7248726117418821
975,0.0010194699178479208,0.0024134627726921077,1.3998658308922403,0.7966808679977243
976,0.025634730272698532,0.007303104306933848,1.3899851756960686,0.703400900555493
977,6.176586190937019,2.8212046560372364,1.3962517244379378,0.7201837598488835
978,0.002240750949062914,0.0006492716738514016,1.39092306855913,0.708520293840062
979,103.41593718145653,79.25879384505888,1.396832117211626,0.7425287832687744
980,27546.857643321677,7558.5267508843335,1.442574389323709,0.6855541464356182
981,1879296792.902465,511464630.7234397,1.4430941793624197,0.6784212975751538
982,279391467.5445583,85253205.77621976,1.4364936827169357,0.6864228455703668
983,116128.01951611454,84016.61391538054,1.4209895365246474,0.7344399907387308
984,26.942778171426305,20.957618469838536,1.3827301064733595,0.7443924655590053
985,1.1128130886131955,0.3258768489328487,1.3936295274933266,0.6968505260229698
986,0.00033136457668824263,0.00017754864569098319,1.370809671524154,0.7398099078891036
987,483.84255000806337,588.4452373644885,1.4554854140868159,0.7471915717666471
988,325.77039973236975,89.96188822077167,1.4203087506417802,0.689768596496016
989,0.01633160901155439,0.009194390645420544,1.4155703822991852,0.7285631874756309
990,0.010903785116226864,0.005415420475982642,1.3706963163186952,0.7315142562544289
991,1435.4300291682566,422.2378266239871,1.4189754227203346,0.6888747488298399
992,81.97684706085734,49.75046188837303,1.4410430605647495,0.7192218700500654
993,1.9481221282657188,1.5676019610862888,1.3936015872544967,0.7483943504285878
994,500850.3330585654,359155.1318562849,1.397136614169471,0.7330447675543748
995,44728249.03363202,31357382.26837283,1.4065345073738476,0.7292487462917193
996,6129.115455806314,1684.888585314709,1.429977952933384,0.686868686868687
997,0.454604054984777,0.21364507068489358,1.3929197614959827,0.7243727221054028
998,0.9850128285841346,1.1372898368984412,1.4514019641396974,0.751211005433071
999,1420.5964469615178,446.6439133113195,1.4063844305280508,0.6962586050959354
